,reviewId,userName,content,score,thumbsUpCount,reviewCreatedVersion,at,appVersion
0,eed264c8-1fa2-427a-971b-f752a166af4f,Kudzanai Kudzy,Netflix is the best app one can require for movie streaming and has more than one can expect from an app thanks to the person who created itüñ§ü§ç,5,0,,2024-08-14 22:34:30,
1,cc9b9913-41b9-433f-8c35-5f36ff696415,Ali,Best app,4,0,,2024-08-14 22:14:18,
2,b8a5ffaf-c4c6-47bd-9d8c-225aff133b66,Swordman Ship,much better than other app but could u please get more interesting movies,5,0,,2024-08-14 22:10:18,
3,c7096ffb-386e-4b94-95f9-25436045ac1b,Humphrey Gadid,"I pay premium for 4 device,how much do want my money again?so so disappointed.",1,0,8.126.0 build 9 50771,2024-08-14 22:00:19,8.126.0 build 9 50771
4,0e04c54a-79c1-4404-b674-3b51649ebb77,Harsha Bale,"I have been using this app for more than 2-3 years it's one of the best app period, the UI and the features it offer are very good compared to other competitors if only they could increase the library in the Anime and there Netflix origin, in recent Times the premium as also come down.",5,0,8.126.0 build 9 50771,2024-08-14 21:56:22,8.126.0 build 9 50771
5,17a77d59-baae-4ec8-9830-b6040e384e81,Sameer Asif,I'm testing app,1,0,,2024-08-14 21:53:33,
6,c98ef6f2-4fb6-4365-b87d-65b2d5932f35,Muddassir kammar,Netflix I cannot login to my account It's showing too many attempts from months fix it üòï,2,0,8.126.0 build 9 50771,2024-08-14 21:41:01,8.126.0 build 9 50771
7,8a9fac0a-d5af-45a6-85a1-09e0a8039cf1,Lennaert Hondelink,"Doesn't allow use if you're not connected to the ""household wifi"" at that moment, even if the last time you connected was the previous day",3,0,8.95.2 build 17 50558,2024-08-14 21:36:49,8.95.2 build 17 50558
8,fa71f941-6f30-423e-8634-2c2d79d998fe,Athena San Diego,I LOVE LOLO AND THE KID,5,0,,2024-08-14 21:35:14,
9,b57d8db5-7f40-40c8-9826-240d994ad39e,Abiola Davis,Very good streaming experience. Very good UI/UX. I wish there was a way to comment on every tv show/movie on the experience and interact with other viewers. It's a little inconvenient using WiFi for verification.,4,6,8.125.0 build 3 50761,2024-08-14 21:27:40,8.125.0 build 3 50761
10,9ab7a251-a76f-4b41-a595-6b6ea9e39c72,Anees Rana,This is great it has a lot of shows that I love but the problem is that I feel there is a less of the content in Hindi and which is suitable for family.,5,0,8.118.1 build 10 50703,2024-08-14 21:01:32,8.118.1 build 10 50703
11,ffb76e06-526d-4831-8e41-f731df151b96,Jordanna Gava,So great,5,0,8.126.0 build 9 50771,2024-08-14 20:59:39,8.126.0 build 9 50771
12,097de01f-d7c3-4647-8fac-b09cd9ce77e6,Ni√±a Danicka Nalayog,NOT WORKING ON TV,5,0,7.84.1 build 28 35243,2024-08-14 20:58:29,7.84.1 build 28 35243
13,18fc7e75-25a4-4365-a87d-cc5ee6fd762b,Sharifu Songo,Good,4,0,8.126.0 build 9 50771,2024-08-14 20:25:19,8.126.0 build 9 50771
14,2b2d5121-a131-46db-b2c7-dac2262bab2e,Sandu De Costa,I enjoyed netflix alot until I found out some episodes from the TV series doesn't have subtitles. It's quite hard to understand a language other than english without subtitles. Other than that netflix is good.,3,0,8.126.0 build 9 50771,2024-08-14 20:16:49,8.126.0 build 9 50771
15,9add2649-4765-4d0e-b0e3-0ff9c4a20713,Isaac Phiri,It works perfectly almost every movie you would like to watch. it high possible you could find it on Netflix üï∫üíÉ,5,0,8.126.0 build 9 50771,2024-08-14 20:10:51,8.126.0 build 9 50771
16,a9bc2069-afeb-4970-a6e8-b1c8d81b84f0,Veerabrahma charyulu Resoju,Good,5,0,8.126.0 build 9 50771,2024-08-14 20:05:03,8.126.0 build 9 50771
17,1c2ad707-2622-4186-b4a2-cdc93517fd76,Kale Griffin,In app brightness override is the worst. Why does it even exist,1,0,8.112.1 build 6 50665,2024-08-14 19:46:10,8.112.1 build 6 50665
18,d3868de2-98c3-427c-8085-7774aa85e058,Bilal Hamdard,All good üëç,5,0,,2024-08-14 19:38:08,
19,0a9e3ff4-3345-4662-89a1-0e6827f1820f,Anabel Herrera,Love this app so much cool,4,0,,2024-08-14 19:21:10,
20,ba79b370-c61d-4225-bf2d-5d39f068b768,Deborah Usualele,Nice üíØ,5,0,,2024-08-14 19:19:26,
21,1edfb518-ae6f-408b-b4f1-ec4a0702d30c,Cassie McNamara,"I used to love Netflix because it had shows that the other apps didn't. But here lately every time I go to watch it shows a green screen, but will still play sound. It's not just one show either. Last time I restarted my phone twice and then still had to reinstall the app, just to be able to watch. If it's going to continue being this way I don't feel where it's right to be charged for it. I'd rather watch ads if it's gonna only work part of the time.",3,0,8.126.0 build 9 50771,2024-08-14 18:50:03,8.126.0 build 9 50771
22,b0251313-5de6-4688-a83c-5d09959ef208,Gaming you You,Please add FAR: Lone sail game on Netflix.,5,0,,2024-08-14 18:42:45,
23,bfaa9972-4218-481e-9e22-3c4eec88c3b5,Kiwa Navaeh,A good app to stay home and watch movies. love it,5,0,,2024-08-14 18:32:36,
24,0f868ef9-5a16-4e89-b052-2d7cd44f298b,Abraham Quote,Good,5,0,,2024-08-14 18:07:57,
25,270fcc04-480a-44fe-843d-bcf3c8ead77e,Kyle Palmer,wow now i can watch rick and morty on any device now thankyou netflix !!!!,5,0,,2024-08-14 18:02:41,
26,6f017403-a989-4445-8e5a-9280e52a4bdf,Manan Favio,No update movies .....a lot of old movies ...we need new movies,3,1,8.126.0 build 9 50771,2024-08-14 17:56:12,8.126.0 build 9 50771
27,31a4cafa-b7a8-4f72-8214-cc7ff7ae4290,Nwamaka Anikwo,Good,3,0,8.126.0 build 9 50771,2024-08-14 17:49:50,8.126.0 build 9 50771
28,398bea41-8ef9-41a6-8fbe-571b758f00c8,Gwasolo Kath,"Sir , please add homelander the boys ) movie's ty",5,0,,2024-08-14 17:40:11,
29,4d08fbc9-8226-4ab0-910a-e1741d9e4abc,Chauhan Kalpsweet,"Netflix Service is very nice for Led tv but whenever I play in my MI Xiaomi 14 mobile I am not able to watch Ultra hd content that's why I am disappointed in other OTT platform I am able to watch 4k Ultra hd content and movies, so please improve your streaming capacity Thanks",5,0,8.126.0 build 9 50771,2024-08-14 17:15:32,8.126.0 build 9 50771
30,5cc11b32-f6e7-46c1-a1a9-410fded3f615,Mayanja Joseph,It's good Man easy to use,5,0,,2024-08-14 17:10:19,
31,4467a86e-de66-475d-bbcc-d9fe516d2eff,Joseph Rivera,JOSEPHLOVETRACY,5,0,8.126.0 build 9 50771,2024-08-14 16:51:00,8.126.0 build 9 50771
32,7295a7bd-f4ad-44e4-9d74-d9c372e59952,kehinde abass,n app,5,0,8.120.0 build 10 50712,2024-08-14 16:39:45,8.120.0 build 10 50712
33,182b974d-cfca-4a6a-aa3e-51be652c3f05,A Google user,Had to change my review (left below). How can I waste my time getting into a show that gets cancelled after one season. It is this reason I've lowered my rating. Very good app and the service is pretty dam good too. The choice of movies has got better since I last tried it.,2,0,8.126.0 build 9 50771,2024-08-14 16:28:58,8.126.0 build 9 50771
34,1b14f83a-1259-4832-b9dd-545560b1e3a3,Yateen Mahadik,First of all thank you for providing a amazing platform to enjoy OTT entertainment. Just a minor issue regarding brightness. I use Netflix on both my IOS and Android phone. In IOS version there is an option to complete turn off the brightness whereas in Android there is a lot of issue while setting the brightness. Also it cannot be set to zero or no brightness. Only if you can update this issue it would really be helpful. Already mailed for the same‚úåüèª,5,103,8.125.0 build 3 50761,2024-08-14 16:23:06,8.125.0 build 3 50761
35,9d1e2d5e-a4b0-4909-89d7-025e5c49da05,Mohammad Muztaba,Very badass no new movies/webseries no marval movies,1,0,8.126.0 build 9 50771,2024-08-14 16:17:23,8.126.0 build 9 50771
36,3b954e68-4ba6-400b-a082-dac8c61600e6,Kay M,"English is my only language. The majority of available options are either NOT in English OR a bunch of single season canceled shows, which ended with no resolution or proper ending. Netflix used to be amazing. Now it's pathetic, mostly non-english, and GREEDY as all get out. If I mark it as Not For Me, then it should go away and NOT be shown on my list. If English is my first language, and for what I am paying, I should not be seeing Mostly Asian & Indian shows and movies to choose from. WTEF?",1,225,8.126.0 build 9 50771,2024-08-14 16:08:09,8.126.0 build 9 50771
37,073d1cad-6ed5-4d1b-94cf-add27c18d91a,Shawn Snyder,Support is nonexistant.,1,0,,2024-08-14 15:49:58,
38,4d9f4a05-8b69-4b51-91c3-31067b263c0f,Sonu Sani,"Among the movies and TV series of other languages, Hindi is not subtitleless, all the other languages ‚Äã‚Äãof the country are subtitleless.",2,0,8.124.0 build 2 50751,2024-08-14 15:42:47,8.124.0 build 2 50751
39,e2bdd2c2-9b30-4a78-a7f3-66ab2d5f2862,Huzaifa Amin,This app is good I like this because there is good result of movie playing,5,0,,2024-08-14 15:35:58,
40,d239ede3-ee34-4bac-bd01-03d2b5174d2c,Hussnain Amjad husaim,Rana passed atem,5,0,,2024-08-14 15:22:55,
41,cc171e88-7967-4144-96e9-e0305a6b0517,Seth Berger,Ads in a paid service.,1,0,,2024-08-14 15:19:17,
42,79554faf-a4ba-47cb-8b4c-9687e3be4e3c,Abigail Anebuokhae,I can't understand why my Netflix is displaying a black screen after I updated to Android 14. I've tried everything including formatting my phone! Please fix this,1,0,8.126.0 build 9 50771,2024-08-14 15:15:26,8.126.0 build 9 50771
43,f5488ce6-1ef7-42bf-8362-0cf7aba9c1ab,Alexblomblom,Why am I seeing mobile games in my Netflix? I have the costliest subscription and expect to have only my streaming services available. All other bloat garbage like this is sure to push me off looking at other options. Edit: half a year later still ads. Lowering rating and getting close to Amazon Prime pivot here.,1,1,8.126.0 build 9 50771,2024-08-14 15:14:05,8.126.0 build 9 50771
44,362175ba-35c3-4f83-9abf-b56442ae9263,Ketan,"Not liking the new updates to the tv app. When scrolling through the options, it zooms in and starts playing. It is so annoying!!!",2,0,8.119.1 build 13 50707,2024-08-14 15:10:42,8.119.1 build 13 50707
45,d2ad8e3a-f8a8-45db-a184-526be7639448,Emperor Santos,Please add all seasons of loud house its all I've ever wanted im begging you,2,0,,2024-08-14 14:47:11,
46,b0511578-d215-49ca-a337-1368af6adf9d,Johncedrick Bantola,Johmcedrick Bantola,1,0,,2024-08-14 14:44:08,
47,ebb15455-9cdf-4cee-8f62-a65a123a347c,James Kinney,I like the mobil games they put on it I wish there was more PlayStation games like uncharted fear halo some first person shooter games like that.,4,0,8.126.0 build 9 50771,2024-08-14 14:40:38,8.126.0 build 9 50771
48,ec16c856-a321-4f83-8225-b768e7a34d68,Leanne Mita,this is the best app you can watch like the inbestagators and turning red i give it 10 but the limit is 5 um yeah......,5,0,8.126.0 build 9 50771,2024-08-14 14:18:46,8.126.0 build 9 50771
49,3ff51b4a-b371-4661-9924-8676fe0bc168,Thom Bernardo Carlos,it keeps crashing üôÉ,2,0,8.126.0 build 9 50771,2024-08-14 13:41:29,8.126.0 build 9 50771
50,076b3d68-14c8-4b35-b5d5-a65947a10afc,ipsita panda,"After the recent update it is nuisance to play it in mobile, always tells error -1023 try again later. Everytime I need to go back and update. I am tired of it. Also why are the subtitles disappearing on its own especially the English ones",1,2,8.126.0 build 9 50771,2024-08-14 13:38:44,8.126.0 build 9 50771
51,e5b3ba74-e2a4-46f8-93ba-5b59e4586956,April Hinrichs,Love this app soon much,5,0,8.34.0 build 4 50250,2024-08-14 13:31:35,8.34.0 build 4 50250
52,a87dd1a8-df25-4745-8581-86c976bfb662,Vanna Vargason,When watching on my TV it is very laggy and at times restarts my roku. No other streaming networks have this issue.,1,0,8.118.1 build 10 50703,2024-08-14 13:30:29,8.118.1 build 10 50703
53,09877f67-fe46-44c6-83f0-af6a844f3c55,Nicolas Thomas,Ease of set up,5,0,8.70.0 build 7 50424,2024-08-14 13:28:49,8.70.0 build 7 50424
54,8d79e806-58ca-47e7-ae63-1724be23e16c,Bo Dy,Failed system,1,0,8.66.0 build 10 50402,2024-08-14 13:21:10,8.66.0 build 10 50402
55,e3d0a5cc-f5f6-435c-a590-749d8015e986,King I Am,I keep getting charged and i don't use this app anymore,1,0,,2024-08-14 13:14:55,
56,60f8dad1-6e3c-43c3-9e8b-11a41502b89d,Kyle Bluitt,I hate the brightness control. It overrides the system brightness control. The only way to fix it I'd to delete and reinstall the app.,1,0,8.126.0 build 9 50771,2024-08-14 11:54:34,8.126.0 build 9 50771
57,fe2368cf-9c04-4b9f-858e-3e55d1855d1d,Meszaros Levi,Please let there to be the season 7 and more in the dragon prince I spent like 400 + plus hours on that show,5,0,8.126.0 build 9 50771,2024-08-14 11:51:53,8.126.0 build 9 50771
58,47220492-17d8-444e-84cd-1801c153c3b0,Win Win,Good app. Great movies,5,0,8.126.0 build 9 50771,2024-08-14 11:42:41,8.126.0 build 9 50771
59,ba31f6af-a2a1-44c3-8cc3-c133a99f477b,Iuliana 99,"No me gusta la reforma que tiene el nuevo Netflix, un sacacuartos. He v√≠vido siempre con mi familia pero ahora que estoy en el extranjero y solo lo veo con el m√≥vil no me dej√°is ver nada. En fin una burla total.",1,0,8.126.0 build 9 50771,2024-08-14 11:32:18,8.126.0 build 9 50771
60,48572cde-547d-44d7-a32d-4df888d3fd7f,Anandha kumar Coimbatore,Super,5,0,8.126.0 build 9 50771,2024-08-14 11:24:49,8.126.0 build 9 50771
61,3296649e-dc43-4fde-b226-4d69937c0991,Vincent Sesaldo,"After the last update, every changed of episodes, the subtitle is not working. You need to restart the app everytime this problem happen.",1,0,8.126.0 build 9 50771,2024-08-14 11:23:48,8.126.0 build 9 50771
62,facf3e8c-bca6-4828-a913-1ddbe62307f1,kiwi bird mother,Too much woke content!!!,3,0,8.126.0 build 9 50771,2024-08-14 11:22:11,8.126.0 build 9 50771
63,cc8214ff-43b6-4fd8-97e6-ecd5521800b3,Imran Khan,In Pakistan you can't pay from easy paisa or any other account it's shite add this feature,1,0,,2024-08-14 10:55:52,
64,67520802-3d54-45c4-b19e-8764225c8c2b,Stephen Lake,My favorite to use.,5,0,8.126.0 build 9 50771,2024-08-14 10:52:00,8.126.0 build 9 50771
65,ecd344e2-e980-4214-a197-f7fd5bdb18e1,blessing nwaolisa,"Pls I don't know what's happening to this app since I changed my phone whenever I log into my account to watch movies I can only hear the audio, the video is not working.. I have uninstalled and installed new app thrice now buh it still not working Funny how the app is working on my Mac book buh not my phone",1,0,8.126.0 build 9 50771,2024-08-14 10:49:58,8.126.0 build 9 50771
66,533946ed-74a6-4b1f-b6c7-241a0dcf3f24,Brian Renken,"Somethings good, a few shows. Newer movies, but can't watch my account when my family is watching. Can't login due to traveling. So canceled Netflix because it is limiting viewership.",2,0,,2024-08-14 10:48:35,
67,b5408398-fd89-4081-b5f8-6aac64fe6ff2,Nurul Syamimi,when i fast forward the video it become lag need to wait longger time to resume. not have any problem with wifi but this apps lately got problem in my phone.,2,0,8.126.0 build 9 50771,2024-08-14 10:47:53,8.126.0 build 9 50771
68,62b6dedb-3da7-48dc-a149-f08f6b93509a,Janeva villarin,This one is loading I just paid...,1,0,8.126.0 build 9 50771,2024-08-14 09:49:07,8.126.0 build 9 50771
69,cc578e1d-d229-4048-878a-7b47f5fdbc45,Erick Resendiz,Great app,5,0,,2024-08-14 09:41:35,
70,08d29c4b-d011-4afe-b5f5-43a178708a6a,Matt Clarke,"love the service, but lately whenever buffering, I get signed out. Edit: This company has made to choice to force standard accounts to view ads. 12 years+ customer no more.",1,1,8.126.0 build 9 50771,2024-08-14 09:34:07,8.126.0 build 9 50771
71,735993c3-bbe2-45cc-ac25-1a1fee8cb5e9,T. Fairuz,"There's content that's locked despite the fact that I'm a paid subscriber? Had I known, I'd have opted for the higher tier. It's not the money that I'm pissed off about, it's the lack of disclosure. This will be my last sub to this service.",1,0,8.126.0 build 9 50771,2024-08-14 08:50:51,8.126.0 build 9 50771
72,ac696bd1-ba48-4d37-a06b-f7f621b76059,Elton majette,I give Netflix a five-star rating,5,0,8.126.0 build 9 50771,2024-08-14 08:47:11,8.126.0 build 9 50771
73,c6e2452a-cf6a-4a09-a1c5-f71577758598,Saf,We pay ¬£20 a month for 4 screens and what a waste of money if you can share the account,1,0,8.120.0 build 10 50712,2024-08-14 08:32:27,8.120.0 build 10 50712
74,40f26726-7d16-4fdc-80b8-25faccbda842,Chanele Roodt,Favorite channel.,5,0,8.126.0 build 9 50771,2024-08-14 08:27:10,8.126.0 build 9 50771
75,090e15cd-4248-4e24-a283-eb812148bd54,Ruthann,Love it,5,0,8.113.2 build 27 50674,2024-08-14 08:00:16,8.113.2 build 27 50674
76,08895d01-8048-4b56-a9ff-85a99c30938d,Suman Waghmare,‡§®‡§æ‡§Æ‡§¶‡•á‡§µ‡§Æ‡§æ‡§∞‡•Ç‡§§‡•Ä‡§Ü‡§°‡§ó‡§≥‡•á,5,0,8.126.0 build 9 50771,2024-08-14 07:58:47,8.126.0 build 9 50771
77,a83f2619-d4ff-4978-af77-3d3a3b899dcf,Matthews Tshabalala,It deletes my downloads,1,0,8.126.0 build 9 50771,2024-08-14 07:51:18,8.126.0 build 9 50771
78,0b291e25-0d50-4322-8bc4-c4427dac09bf,Molly Adams Glowniak,Love Netflix!,5,0,8.126.0 build 9 50771,2024-08-14 07:48:20,8.126.0 build 9 50771
79,ca0ce3cc-c532-431f-802b-fe580695aa9a,mohammad abdul moeez,"What has happened to netflix,u guys used to release thrillers,war movies, horror movies,crime movies every week.Now ur entire content is based on weak comedy with horror,gay stuff or promoting some chinese movie.No wonder amazon and hbo r doing better.If this goes on,u will lose to ur competition so please bring back the good stuff",3,0,8.126.0 build 9 50771,2024-08-14 07:47:50,8.126.0 build 9 50771
80,068863c4-fdaf-4c3c-a30e-c1f023147bc0,Richard Nana,Always monthly paid but its old we watch movie and anime,3,0,8.126.0 build 9 50771,2024-08-14 07:25:44,8.126.0 build 9 50771
81,7053434e-e16e-488a-bf0f-a80dc1ad6dfa,JohnnyMontano,"Awful. My wife travels frequently to look after her mom, and they won't let her use the account overseas. Netflix solution ""Pay for a second account."" Give me a break. There are plenty of other streaming services out there. No wonder Nexflix is going downhill. Don't give these people your money.",1,0,8.126.0 build 9 50771,2024-08-14 07:13:53,8.126.0 build 9 50771
82,5f7da8f7-614b-47af-9c94-2ddb762c6256,Singlemom Mommy,ok,3,0,8.124.0 build 2 50751,2024-08-14 07:00:21,8.124.0 build 2 50751
83,95e59321-7252-4308-988b-7f7092be7abe,Komal Chettari,Good,5,0,8.126.0 build 9 50771,2024-08-14 06:56:28,8.126.0 build 9 50771
84,6fc70791-7b23-4995-8218-be9c9beec142,Akash Nandy,Why is there everytime troubleshooting in the app. I need to every time restart or reboot my device to stream Netflix even my internet speed is fast. Please solve the issue where no troubleshoot starts...,4,0,,2024-08-14 06:21:10,
85,b2e840e1-7b5d-45fb-86f2-aef34e65f755,Rajesh Sharma,Superb,5,0,8.126.0 build 9 50771,2024-08-14 06:14:11,8.126.0 build 9 50771
86,d443610e-7a96-49a3-b00c-1248e307fba4,Adiel Gonzalez,Ni Buena Buena calidad,5,0,8.126.0 build 9 50771,2024-08-14 06:12:02,8.126.0 build 9 50771
87,43ba05bd-77bb-40fa-8d36-962a31953d08,Omar J. Torres,Getting greedy is others things of entertainment is questions of time to you realize the mistakes you're doing you going to loss alot subscribers you see Good bay,1,0,8.127.1 build 10 50788,2024-08-14 05:49:22,8.127.1 build 10 50788
88,d4ce041c-b844-42e2-9c01-3a4d558aa3ec,Sandro Ljubojeviƒá,"Netflix is horrible, at least the one we have in Germany! There are no Batman movies, no Harry Potter movies, there are only like 20 horror movies and most of the stuff they have are Netflix movies that they make themselves and which I find mostly terrible. Had I only know I would have never given a cent on Netflix. Horrible waste of money!!!!!",1,0,8.126.0 build 9 50771,2024-08-14 05:43:59,8.126.0 build 9 50771
89,d3b625e6-95c9-4e5c-bc02-6c13eedbfd71,C B,Adware,1,0,,2024-08-14 05:38:20,
90,2dbb417b-f315-4a49-a19c-fbc4799e6eb7,Heba Sweidan,"If you plan on downloading this and making a subscription, don't because they barely have anything to watch and don't let users from certain regions watch specific shows. No matter how much people love a certain show, Netflix will cancel it and add another season to bigmouth.",2,0,8.43.0 build 13 50282,2024-08-14 05:37:59,8.43.0 build 13 50282
91,83143fbe-c9df-4ab1-a773-3055eba2aef6,Isha Brill,"I'm only giving you 4 stars is because WHY DO YOU GUYS MAKE MOVIES AND THEN YOU HAVE TO DELETE MY FAVOURITE MOVIES LIKE THE CROODS, ANGRY BIRDS MOVIE AND HOTEL TRANSYLVANIA SUMMER VACATION, JUST PLEASE BRING THEM BACK!!!!!!!",4,0,8.126.0 build 9 50771,2024-08-14 05:35:27,8.126.0 build 9 50771
92,653e3502-6ec8-4413-a7a5-4ec1d3362fb7,Passam Ongmu,Plz shawdo bone season 3 announce Netflix we all are waiting for season 3 fans are waiting season 3 plz announce it plz,1,0,8.126.0 build 9 50771,2024-08-14 05:30:31,8.126.0 build 9 50771
93,8d998b75-377a-4971-b91b-2383b57e1222,Shahid Kha,Nice,5,0,,2024-08-14 05:25:16,
94,62c223c4-1f6c-4883-89e0-f7d98f202fcc,Gerald Amissah,"Netflix is awesome, it has a lot of good shows but i have a small request...... can you guys please add telecash to the payment methods please üôè üòä",5,0,7.120.6 build 63 35594,2024-08-14 05:16:22,7.120.6 build 63 35594
95,89ee4ab4-c2bb-4b0e-b598-c8b8cdc9f86a,Weston Murrin,You guys need to add more sonic games.,5,0,8.126.0 build 9 50771,2024-08-14 04:56:11,8.126.0 build 9 50771
96,6581403e-513f-4538-8930-d8b86ce8e62d,Babatunde Ilesanmi,Can't watch movies coz picture won't show,1,0,,2024-08-14 04:55:00,
97,a9e5ab66-b0fc-46f7-85e3-163d5a92a2fa,Sonu Ji,Thanks for,5,0,,2024-08-14 04:51:50,
98,161031ef-fcfa-4f11-9465-59622a2fee65,Pavithra M,"If 10s forward button is clicked more than 1 time, the video goes to buffering and nothing further. Even in the downloaded videos. If it only for my phone?",2,0,8.126.0 build 9 50771,2024-08-14 04:50:44,8.126.0 build 9 50771
99,8edfdc8e-d191-4411-aca3-83c1dfe041dc,Pippa Mason,"I am outraged, upon coming into nextflix and finding out ""pitch perfect"" is leaving nextflix. this CANNOT happen, I refuse to believe this. leave my favourite movie alone. ü§∫",3,0,8.126.0 build 9 50771,2024-08-14 04:44:13,8.126.0 build 9 50771
100,83c15bce-f3e8-4bec-8bcc-aecc74cf3a45,TS Fox,Why can't I download update on my wenbo t6?,3,0,8.126.0 build 9 50771,2024-08-14 04:37:05,8.126.0 build 9 50771
101,4ef29791-20ba-497c-9056-7f95b088733c,jayabalaji rajendran,For the safety of Netflix household . We keep receiving messages for adding it frequently ... Such a worst feature .,1,0,8.126.0 build 9 50771,2024-08-14 04:26:29,8.126.0 build 9 50771
102,8b84a302-f22a-4b64-a8b3-bb06389e110a,Abdullah Sardar,Really good app downloads make app more fun,5,0,8.126.0 build 9 50771,2024-08-14 04:21:31,8.126.0 build 9 50771
103,59880f36-f63d-4c5c-b3b8-f4b398f76e0b,Gaslit Maser,"What a lame app NETFLIX SEEMS TO BE. Got a popup that our plan was going to be changed to a lesser priced one WITH ADS. WHY NOT SAY YOU NEED MORE MONEY to survive, as a business? The popup gave option to pay over 15 dollars WITHOUT ADS, which then FAILED(ERROR) WHEN SELECTED. So as of now we dont know what plan it is and you are probably forcing(planned?) us to use the website(or app on another device) to make changes. NOTE: I refuse and pay extra to NOT allow ads because I say it is harasment.",1,0,,2024-08-14 04:14:55,
104,d0c0624f-2a08-461e-9f73-ad23785faf68,Cuthbert Bruno,how come i paid 4dollars subscription on netflix 2 times and cash moved out still i was demanded to pay..paid third time it worked which means my 8dollars was for nothing so how come u tell me u saw only extra 4 dollars while on my account i paid 3 times so 8 dollars were wasted,1,0,8.126.0 build 9 50771,2024-08-14 04:12:34,8.126.0 build 9 50771
105,58d67981-59da-4ee6-a69b-963b66639bf1,Gugu Malau,Best movie and Series streaming program yet filled with entertainment the best streaming service comes with downloads for when you are offline hope you enjoy it ‚úåÔ∏è üçø,5,0,,2024-08-14 03:53:06,
106,433c3f92-4133-4c4c-aecb-8a95fb53dbd7,M TALIB,Always buffering even at high speed internet.,1,0,8.126.0 build 9 50771,2024-08-14 03:47:01,8.126.0 build 9 50771
107,aa130a30-86b8-495c-a0e0-1ba0eb486567,Juanita Trahan,Great,5,0,8.119.1 build 13 50707,2024-08-14 03:44:50,8.119.1 build 13 50707
108,bb3463da-5df9-4ba9-87e6-02065311221c,Vineet Angadi,Netflix is not working on Android 15 on my device,1,0,8.126.0 build 9 50771,2024-08-14 03:32:44,8.126.0 build 9 50771
109,46176a21-d18f-4f46-8f86-cdc94b9cc296,Rebinson Matovu,Good,5,0,,2024-08-14 03:25:35,
110,1018f818-d8dc-4167-a2e0-cf6e2a2edf28,Alisha Burns,"I absolutely Love netflix! My number one streaming app is Still Hulu. But Netflix is definitely second. They just started adding all these cool games to the channel as well. That, my son absolutely loves to play with and explore. I think that them adding these games is gonna be a whole new Lou Game because no one else has anything like that and Netflix will be the first. But either way, I've never really had a problem with Netflix.It's only $20/month with no commercials!! You can't go wrong fr",5,0,8.126.0 build 9 50771,2024-08-14 03:16:59,8.126.0 build 9 50771
111,8f7406fe-1c5d-4b6a-af12-fd214fb456a4,Godwin sunday,Can't login,1,0,8.123.0 build 9 50748,2024-08-14 03:12:14,8.123.0 build 9 50748
112,3693527f-28ba-4468-b227-1072d8e49d15,SAURAJ BANERJEE,"With Netflix, entertainment is always on.",5,0,8.126.0 build 9 50771,2024-08-14 03:11:24,8.126.0 build 9 50771
113,563b1496-2727-4367-958b-bbff07492005,Amit Kumar Bhasker,Please make video play speed upto 2x it's my request Please provide 1.75 and 2x so that I can complete every show with less time.,5,0,8.126.0 build 9 50771,2024-08-14 02:59:27,8.126.0 build 9 50771
114,f2efd1b4-7e90-4b2b-bd6a-df02e941d92b,Ebenezer Ocansey,0 seeds mm,4,0,,2024-08-14 02:57:47,
115,b09c80b1-bec2-4fdf-98e8-b95dca927e35,Ghassan Osman,"Good app, however, the good shows are rare.",1,0,8.126.0 build 9 50771,2024-08-14 02:49:57,8.126.0 build 9 50771
116,4f52048e-d69c-431f-89fe-dbe38ef6f5f2,MAYURESH KULKARNI,Now a days app is not working content is playing,1,0,8.126.0 build 9 50771,2024-08-14 02:48:59,8.126.0 build 9 50771
117,0491c7ad-8f39-463a-b243-fee7e0a95acb,Nouraiz Ashraf,"All good but the problem is the error too many login attempts, Netflix have to fix it Please",3,0,8.126.0 build 9 50771,2024-08-14 02:30:11,8.126.0 build 9 50771
118,397c46db-0c0a-40b3-b902-759fe5b6529e,James Neal,Can never watch when on my phone ever since they locked down password sharing..... And it's my account,1,0,8.40.0 build 4 50271,2024-08-14 02:22:29,8.40.0 build 4 50271
119,7439e6bd-52f5-4db9-9e95-60319b2b3eae,Akash Gupta,"Brother Netflix, do you have any problem with Hindi, where is the Hindi language",1,0,,2024-08-14 02:17:51,
120,4a26b35e-a07c-4b87-8294-9901a3761719,Pam Melendez,The kids watch this so I ready don't watch this,3,0,8.113.3 build 31 50678,2024-08-14 02:11:37,8.113.3 build 31 50678
121,95a00714-badd-4b39-a8b2-c87e609ba570,Zombie,Terrible update! It says my phone isn't part of my Netflix household account !,1,1,,2024-08-14 02:02:30,
122,6706626a-890e-4590-874d-cd7655a1b4c4,Madhumitha Madhu,"This app this good !! but why all series are in hindi dubbed not in other south indian language?? want all series in south indian language dubbed also, not here all knows Hindi, it is not our cup of tea",3,0,8.126.0 build 9 50771,2024-08-14 02:02:00,8.126.0 build 9 50771
123,41f606f9-dea2-439e-b233-1e7cb5568295,KOMAL SHAW,Awesome üëç,5,0,8.125.0 build 3 50761,2024-08-14 02:00:39,8.125.0 build 3 50761
124,ed765332-5fbf-4e6b-9242-752d17587a7a,Gisele Sfeir,My Netflix works sometimes then stop sometimes. I have an android A25 128gb.,2,0,,2024-08-14 01:48:30,
125,a6e459fa-9416-4c82-8737-cbbeddb78edb,Tyrell Barnett,"They (Netflix?) signed me up and changed my email, then gave me serious attitude when I called and cancelled saying that I was not the person who signed up. This was 5 days ago, and still no refund. Absolute scam",1,0,,2024-08-14 01:39:30,
126,3aec3a60-1f46-48a5-bacd-610a4e738cf6,Prem Chinna,"While watching green screen effect on video , I even can't watch waste of plan 649 rupees, please don't subscribe it .. Full green effect video on screen can't watch at all .. Don't waste your money on Netflix",1,0,,2024-08-14 01:37:43,
127,3f63e550-06a0-4bfc-a24c-3126850d0689,Paul Junior,i wish netflix was for 1year for 1998,5,0,8.126.0 build 9 50771,2024-08-14 01:33:10,8.126.0 build 9 50771
128,f9ef6bc1-813e-4e9c-8f18-2de32e0f506c,Kewal Singh,I love ‚ù§Ô∏è u,5,0,8.74.0 build 6 50443,2024-08-14 01:30:56,8.74.0 build 6 50443
129,b8bf7add-90e6-4998-bea8-443e0c3f020b,vivek singh,Please try to add on screen shortcut for volume control also just like the brightness. It'll be surely a add-on to viewing experience.,4,0,8.126.0 build 9 50771,2024-08-14 01:26:08,8.126.0 build 9 50771
130,eb8bf24c-47e3-4801-8a41-8ecf06b21074,Mike Power,No airbnb support Locks the brightness turns the stream pure black. I'm mad at the OS for allowing the app to control my phone contrary to my own actions. But I find it even more repugnant that netflix would use it. It's my phone. If I want the screen bright who are you to deny me this Still black,1,2,8.127.1 build 10 50788,2024-08-14 01:20:57,8.127.1 build 10 50788
131,06223216-8daa-4515-9507-fad3a72efe2c,Arjun Bisht,Every time server error found,1,0,8.126.0 build 9 50771,2024-08-14 01:19:30,8.126.0 build 9 50771
132,0495d08f-adcf-4e21-8ed8-01c0e32ee444,Narasimha Reddy,This is worst app I never seen I paid 699 for membership they said it is a technical issue üòîüòî,1,0,8.126.0 build 9 50771,2024-08-14 01:17:45,8.126.0 build 9 50771
133,4867eaf0-a61a-494a-833c-af09750d436d,nagendra nishad,Nice,5,0,,2024-08-14 01:07:32,
134,51ac8e04-dcee-47c1-898f-3a12a4c4468b,krishna p,Atleast if they 1 week free trial it's will be nice.,1,0,,2024-08-14 00:59:50,
135,6249e5eb-a4a7-4230-bb0f-03c83d0a7fbb,Rachael,Never an issue love,5,0,8.126.0 build 9 50771,2024-08-14 00:52:20,8.126.0 build 9 50771
136,2ae7d391-cb8e-42c8-864f-19a53a72e89e,Rahul pandey,The app is always down,1,0,8.126.0 build 9 50771,2024-08-14 00:43:54,8.126.0 build 9 50771
137,4ca46961-af9f-4e17-9ed2-189ff097df53,Carmina Delacruz,Ayaw ko nga,1,0,,2024-08-14 00:42:47,
138,a44d064b-b12a-43a1-bd62-86083c65d223,Carmen R√≠bas,Like it,4,0,8.125.0 build 3 50761,2024-08-14 00:14:51,8.125.0 build 3 50761
139,90c6bfa0-1a35-444e-ac46-161ddd3d0c8e,Geet Geet,Nice one,4,0,8.124.0 build 2 50751,2024-08-14 00:00:35,8.124.0 build 2 50751
